ufname;ufid;meso;citie
MG;31;Mesorregião do Noroeste de Minas;Arinos
MG;31;Mesorregião do Noroeste de Minas;Bonfinópolis de Minas
MG;31;Mesorregião do Noroeste de Minas;Buritis
MG;31;Mesorregião do Noroeste de Minas;Cabeceira Grande
MG;31;Mesorregião do Noroeste de Minas;Dom Bosco
MG;31;Mesorregião do Noroeste de Minas;Formoso
MG;31;Mesorregião do Noroeste de Minas;Natalândia
MG;31;Mesorregião do Noroeste de Minas;Unaí
MG;31;Mesorregião do Noroeste de Minas;Uruana de Minas
MG;31;Mesorregião do Noroeste de Minas;Brasilândia de Minas
MG;31;Mesorregião do Noroeste de Minas;Guarda-Mor
MG;31;Mesorregião do Noroeste de Minas;João Pinheiro
MG;31;Mesorregião do Noroeste de Minas;Lagamar
MG;31;Mesorregião do Noroeste de Minas;Lagoa Grande
MG;31;Mesorregião do Noroeste de Minas;Paracatu
MG;31;Mesorregião do Noroeste de Minas;Presidente Olegário
MG;31;Mesorregião do Noroeste de Minas;São Gonçalo do Abaeté
MG;31;Mesorregião do Noroeste de Minas;Varjão de Minas
MG;31;Mesorregião do Noroeste de Minas;Vazante
MG;31;Mesorregião do Norte de Minas;Bonito de Minas
MG;31;Mesorregião do Norte de Minas;Chapada Gaúcha
MG;31;Mesorregião do Norte de Minas;Cônego Marinho
MG;31;Mesorregião do Norte de Minas;Icaraí de Minas
MG;31;Mesorregião do Norte de Minas;Itacarambi
MG;31;Mesorregião do Norte de Minas;Januária
MG;31;Mesorregião do Norte de Minas;Juvenília
MG;31;Mesorregião do Norte de Minas;Manga
MG;31;Mesorregião do Norte de Minas;Matias Cardoso
MG;31;Mesorregião do Norte de Minas;Miravânia
MG;31;Mesorregião do Norte de Minas;Montalvânia
MG;31;Mesorregião do Norte de Minas;Pedras de Maria da Cruz
MG;31;Mesorregião do Norte de Minas;Pintópolis
MG;31;Mesorregião do Norte de Minas;São Francisco
MG;31;Mesorregião do Norte de Minas;São João das Missões
MG;31;Mesorregião do Norte de Minas;Urucuia
MG;31;Mesorregião do Norte de Minas;Catuti
MG;31;Mesorregião do Norte de Minas;Espinosa
MG;31;Mesorregião do Norte de Minas;Gameleiras
MG;31;Mesorregião do Norte de Minas;Jaíba
MG;31;Mesorregião do Norte de Minas;Janaúba
MG;31;Mesorregião do Norte de Minas;Mamonas
MG;31;Mesorregião do Norte de Minas;Mato Verde
MG;31;Mesorregião do Norte de Minas;Monte Azul
MG;31;Mesorregião do Norte de Minas;Nova Porteirinha
MG;31;Mesorregião do Norte de Minas;Pai Pedro
MG;31;Mesorregião do Norte de Minas;Porteirinha
MG;31;Mesorregião do Norte de Minas;Riacho dos Machados
MG;31;Mesorregião do Norte de Minas;Serranópolis de Minas
MG;31;Mesorregião do Norte de Minas;Águas Vermelhas
MG;31;Mesorregião do Norte de Minas;Berizal
MG;31;Mesorregião do Norte de Minas;Curral de Dentro
MG;31;Mesorregião do Norte de Minas;Divisa Alegre
MG;31;Mesorregião do Norte de Minas;Fruta de Leite
MG;31;Mesorregião do Norte de Minas;Indaiabira
MG;31;Mesorregião do Norte de Minas;Montezuma
MG;31;Mesorregião do Norte de Minas;Ninheira
MG;31;Mesorregião do Norte de Minas;Novorizonte
MG;31;Mesorregião do Norte de Minas;Rio Pardo de Minas
MG;31;Mesorregião do Norte de Minas;Rubelita
MG;31;Mesorregião do Norte de Minas;Salinas
MG;31;Mesorregião do Norte de Minas;Santa Cruz de Salinas
MG;31;Mesorregião do Norte de Minas;Santo Antônio do Retiro
MG;31;Mesorregião do Norte de Minas;São João do Paraíso
MG;31;Mesorregião do Norte de Minas;Taiobeiras
MG;31;Mesorregião do Norte de Minas;Vargem Grande do Rio Pardo
MG;31;Mesorregião do Norte de Minas;Buritizeiro
MG;31;Mesorregião do Norte de Minas;Ibiaí
MG;31;Mesorregião do Norte de Minas;Jequitaí
MG;31;Mesorregião do Norte de Minas;Lagoa dos Patos
MG;31;Mesorregião do Norte de Minas;Lassance
MG;31;Mesorregião do Norte de Minas;Pirapora
MG;31;Mesorregião do Norte de Minas;Riachinho
MG;31;Mesorregião do Norte de Minas;Santa Fé de Minas
MG;31;Mesorregião do Norte de Minas;São Romão
MG;31;Mesorregião do Norte de Minas;Várzea da Palma
MG;31;Mesorregião do Norte de Minas;Brasília de Minas
MG;31;Mesorregião do Norte de Minas;Campo Azul
MG;31;Mesorregião do Norte de Minas;Capitão Enéas
MG;31;Mesorregião do Norte de Minas;Claro dos Poções
MG;31;Mesorregião do Norte de Minas;Coração de Jesus
MG;31;Mesorregião do Norte de Minas;Francisco Sá
MG;31;Mesorregião do Norte de Minas;Glaucilândia
MG;31;Mesorregião do Norte de Minas;Ibiracatu
MG;31;Mesorregião do Norte de Minas;Japonvar
MG;31;Mesorregião do Norte de Minas;Juramento
MG;31;Mesorregião do Norte de Minas;Lontra
MG;31;Mesorregião do Norte de Minas;Luislândia
MG;31;Mesorregião do Norte de Minas;Mirabela
MG;31;Mesorregião do Norte de Minas;Montes Claros
MG;31;Mesorregião do Norte de Minas;Patis
MG;31;Mesorregião do Norte de Minas;Ponto Chique
MG;31;Mesorregião do Norte de Minas;São João da Lagoa
MG;31;Mesorregião do Norte de Minas;São João da Ponte
MG;31;Mesorregião do Norte de Minas;São João do Pacuí
MG;31;Mesorregião do Norte de Minas;Ubaí
MG;31;Mesorregião do Norte de Minas;Varzelândia
MG;31;Mesorregião do Norte de Minas;Verdelândia
MG;31;Mesorregião do Norte de Minas;Botumirim
MG;31;Mesorregião do Norte de Minas;Cristália
MG;31;Mesorregião do Norte de Minas;Grão Mogol
MG;31;Mesorregião do Norte de Minas;Itacambira
MG;31;Mesorregião do Norte de Minas;Josenópolis
MG;31;Mesorregião do Norte de Minas;Padre Carvalho
MG;31;Mesorregião do Norte de Minas;Bocaiuva
MG;31;Mesorregião do Norte de Minas;Engenheiro Navarro
MG;31;Mesorregião do Norte de Minas;Francisco Dumont
MG;31;Mesorregião do Norte de Minas;Guaraciama
MG;31;Mesorregião do Norte de Minas;Olhos-d'Água
MG;31;Mesorregião do Jequitinhonha;Couto de Magalhães de Minas
MG;31;Mesorregião do Jequitinhonha;Datas
MG;31;Mesorregião do Jequitinhonha;Diamantina
MG;31;Mesorregião do Jequitinhonha;Felício dos Santos
MG;31;Mesorregião do Jequitinhonha;Gouveia
MG;31;Mesorregião do Jequitinhonha;Presidente Kubitschek
MG;31;Mesorregião do Jequitinhonha;São Gonçalo do Rio Preto
MG;31;Mesorregião do Jequitinhonha;Senador Modestino Gonçalves
MG;31;Mesorregião do Jequitinhonha;Angelândia
MG;31;Mesorregião do Jequitinhonha;Aricanduva
MG;31;Mesorregião do Jequitinhonha;Berilo
MG;31;Mesorregião do Jequitinhonha;Capelinha
MG;31;Mesorregião do Jequitinhonha;Carbonita
MG;31;Mesorregião do Jequitinhonha;Chapada do Norte
MG;31;Mesorregião do Jequitinhonha;Francisco Badaró
MG;31;Mesorregião do Jequitinhonha;Itamarandiba
MG;31;Mesorregião do Jequitinhonha;Jenipapo de Minas
MG;31;Mesorregião do Jequitinhonha;José Gonçalves de Minas
MG;31;Mesorregião do Jequitinhonha;Leme do Prado
MG;31;Mesorregião do Jequitinhonha;Minas Novas
MG;31;Mesorregião do Jequitinhonha;Turmalina
MG;31;Mesorregião do Jequitinhonha;Veredinha
MG;31;Mesorregião do Jequitinhonha;Araçuaí
MG;31;Mesorregião do Jequitinhonha;Caraí
MG;31;Mesorregião do Jequitinhonha;Coronel Murta
MG;31;Mesorregião do Jequitinhonha;Itinga
MG;31;Mesorregião do Jequitinhonha;Novo Cruzeiro
MG;31;Mesorregião do Jequitinhonha;Padre Paraíso
MG;31;Mesorregião do Jequitinhonha;Ponto dos Volantes
MG;31;Mesorregião do Jequitinhonha;Virgem da Lapa
MG;31;Mesorregião do Jequitinhonha;Cachoeira de Pajeú
MG;31;Mesorregião do Jequitinhonha;Comercinho
MG;31;Mesorregião do Jequitinhonha;Itaobim
MG;31;Mesorregião do Jequitinhonha;Medina
MG;31;Mesorregião do Jequitinhonha;Pedra Azul
MG;31;Mesorregião do Jequitinhonha;Almenara
MG;31;Mesorregião do Jequitinhonha;Bandeira
MG;31;Mesorregião do Jequitinhonha;Divisópolis
MG;31;Mesorregião do Jequitinhonha;Felizburgo
MG;31;Mesorregião do Jequitinhonha;Jacinto
MG;31;Mesorregião do Jequitinhonha;Jequitinhonha
MG;31;Mesorregião do Jequitinhonha;Joaíma
MG;31;Mesorregião do Jequitinhonha;Jordânia
MG;31;Mesorregião do Jequitinhonha;Mata Verde
MG;31;Mesorregião do Jequitinhonha;Monte Formoso
MG;31;Mesorregião do Jequitinhonha;Palmópolis
MG;31;Mesorregião do Jequitinhonha;Rio do Prado
MG;31;Mesorregião do Jequitinhonha;Rubim
MG;31;Mesorregião do Jequitinhonha;Salto da Divisa
MG;31;Mesorregião do Jequitinhonha;Santa Maria do Salto
MG;31;Mesorregião do Jequitinhonha;Santo Antônio do Jacinto
MG;31;Mesorregião do Vale do Mucuri;Ataléia
MG;31;Mesorregião do Vale do Mucuri;Catuji
MG;31;Mesorregião do Vale do Mucuri;Franciscópolis
MG;31;Mesorregião do Vale do Mucuri;Frei Gaspar
MG;31;Mesorregião do Vale do Mucuri;Itaipé
MG;31;Mesorregião do Vale do Mucuri;Ladainha
MG;31;Mesorregião do Vale do Mucuri;Malacacheta
MG;31;Mesorregião do Vale do Mucuri;Novo Oriente de Minas
MG;31;Mesorregião do Vale do Mucuri;Ouro Verde de Minas
MG;31;Mesorregião do Vale do Mucuri;Pavão
MG;31;Mesorregião do Vale do Mucuri;Poté
MG;31;Mesorregião do Vale do Mucuri;Setubinha
MG;31;Mesorregião do Vale do Mucuri;Teófilo Otoni
MG;31;Mesorregião do Vale do Mucuri;Águas Formosas
MG;31;Mesorregião do Vale do Mucuri;Bertópolis
MG;31;Mesorregião do Vale do Mucuri;Carlos Chagas
MG;31;Mesorregião do Vale do Mucuri;Crisólita
MG;31;Mesorregião do Vale do Mucuri;Fronteira dos Vales
MG;31;Mesorregião do Vale do Mucuri;Machacalis
MG;31;Mesorregião do Vale do Mucuri;Nanuque
MG;31;Mesorregião do Vale do Mucuri;Santa Helena de Minas
MG;31;Mesorregião do Vale do Mucuri;Serra dos Aimorés
MG;31;Mesorregião do Vale do Mucuri;Umburatiba
MG;31;Mesorregião do Triângulo Mineiro e Alto Paranaíba;Cachoeira Dourada
MG;31;Mesorregião do Triângulo Mineiro e Alto Paranaíba;Capinópolis
MG;31;Mesorregião do Triângulo Mineiro e Alto Paranaíba;Gurinhatã
MG;31;Mesorregião do Triângulo Mineiro e Alto Paranaíba;Ipiaçu
MG;31;Mesorregião do Triângulo Mineiro e Alto Paranaíba;Ituiutaba
MG;31;Mesorregião do Triângulo Mineiro e Alto Paranaíba;Santa Vitória
MG;31;Mesorregião do Triângulo Mineiro e Alto Paranaíba;Araguari
MG;31;Mesorregião do Triângulo Mineiro e Alto Paranaíba;Araporã
MG;31;Mesorregião do Triângulo Mineiro e Alto Paranaíba;Canápolis
MG;31;Mesorregião do Triângulo Mineiro e Alto Paranaíba;Cascalho Rico
MG;31;Mesorregião do Triângulo Mineiro e Alto Paranaíba;Centralina
MG;31;Mesorregião do Triângulo Mineiro e Alto Paranaíba;Indianópolis
MG;31;Mesorregião do Triângulo Mineiro e Alto Paranaíba;Monte Alegre de Minas
MG;31;Mesorregião do Triângulo Mineiro e Alto Paranaíba;Prata
MG;31;Mesorregião do Triângulo Mineiro e Alto Paranaíba;Tupaciguara
MG;31;Mesorregião do Triângulo Mineiro e Alto Paranaíba;Uberlândia
MG;31;Mesorregião do Triângulo Mineiro e Alto Paranaíba;Abadia dos Dourados
MG;31;Mesorregião do Triângulo Mineiro e Alto Paranaíba;Coromandel
MG;31;Mesorregião do Triângulo Mineiro e Alto Paranaíba;Cruzeiro da Fortaleza
MG;31;Mesorregião do Triângulo Mineiro e Alto Paranaíba;Douradoquara
MG;31;Mesorregião do Triângulo Mineiro e Alto Paranaíba;Estrela do Sul
MG;31;Mesorregião do Triângulo Mineiro e Alto Paranaíba;Grupiara
MG;31;Mesorregião do Triângulo Mineiro e Alto Paranaíba;Iraí de Minas
MG;31;Mesorregião do Triângulo Mineiro e Alto Paranaíba;Monte Carmelo
MG;31;Mesorregião do Triângulo Mineiro e Alto Paranaíba;Patrocínio
MG;31;Mesorregião do Triângulo Mineiro e Alto Paranaíba;Romaria
MG;31;Mesorregião do Triângulo Mineiro e Alto Paranaíba;Serra do Salitre
MG;31;Mesorregião do Triângulo Mineiro e Alto Paranaíba;Arapuá
MG;31;Mesorregião do Triângulo Mineiro e Alto Paranaíba;Carmo do Paranaíba
MG;31;Mesorregião do Triângulo Mineiro e Alto Paranaíba;Guimarânia
MG;31;Mesorregião do Triângulo Mineiro e Alto Paranaíba;Lagoa Formosa
MG;31;Mesorregião do Triângulo Mineiro e Alto Paranaíba;Matutina
MG;31;Mesorregião do Triângulo Mineiro e Alto Paranaíba;Patos de Minas
MG;31;Mesorregião do Triângulo Mineiro e Alto Paranaíba;Rio Paranaíba
MG;31;Mesorregião do Triângulo Mineiro e Alto Paranaíba;Santa Rosa da Serra
MG;31;Mesorregião do Triângulo Mineiro e Alto Paranaíba;São Gotardo
MG;31;Mesorregião do Triângulo Mineiro e Alto Paranaíba;Tiros
MG;31;Mesorregião do Triângulo Mineiro e Alto Paranaíba;Campina Verde
MG;31;Mesorregião do Triângulo Mineiro e Alto Paranaíba;Carneirinho
MG;31;Mesorregião do Triângulo Mineiro e Alto Paranaíba;Comendador Gomes
MG;31;Mesorregião do Triângulo Mineiro e Alto Paranaíba;Fronteira
MG;31;Mesorregião do Triângulo Mineiro e Alto Paranaíba;Frutal
MG;31;Mesorregião do Triângulo Mineiro e Alto Paranaíba;Itapagipe
MG;31;Mesorregião do Triângulo Mineiro e Alto Paranaíba;Iturama
MG;31;Mesorregião do Triângulo Mineiro e Alto Paranaíba;Limeira do Oeste
MG;31;Mesorregião do Triângulo Mineiro e Alto Paranaíba;Pirajuba
MG;31;Mesorregião do Triângulo Mineiro e Alto Paranaíba;Planura
MG;31;Mesorregião do Triângulo Mineiro e Alto Paranaíba;São Francisco de Sales
MG;31;Mesorregião do Triângulo Mineiro e Alto Paranaíba;União de Minas
MG;31;Mesorregião do Triângulo Mineiro e Alto Paranaíba;Água Comprida
MG;31;Mesorregião do Triângulo Mineiro e Alto Paranaíba;Campo Florido
MG;31;Mesorregião do Triângulo Mineiro e Alto Paranaíba;Conceição das Alagoas
MG;31;Mesorregião do Triângulo Mineiro e Alto Paranaíba;Conquista
MG;31;Mesorregião do Triângulo Mineiro e Alto Paranaíba;Delta
MG;31;Mesorregião do Triângulo Mineiro e Alto Paranaíba;Uberaba
MG;31;Mesorregião do Triângulo Mineiro e Alto Paranaíba;Veríssimo
MG;31;Mesorregião do Triângulo Mineiro e Alto Paranaíba;Araxá
MG;31;Mesorregião do Triângulo Mineiro e Alto Paranaíba;Campos Altos
MG;31;Mesorregião do Triângulo Mineiro e Alto Paranaíba;Ibiá
MG;31;Mesorregião do Triângulo Mineiro e Alto Paranaíba;Nova Ponte
MG;31;Mesorregião do Triângulo Mineiro e Alto Paranaíba;Pedrinópolis
MG;31;Mesorregião do Triângulo Mineiro e Alto Paranaíba;Perdizes
MG;31;Mesorregião do Triângulo Mineiro e Alto Paranaíba;Pratinha
MG;31;Mesorregião do Triângulo Mineiro e Alto Paranaíba;Sacramento
MG;31;Mesorregião do Triângulo Mineiro e Alto Paranaíba;Santa Juliana
MG;31;Mesorregião do Triângulo Mineiro e Alto Paranaíba;Tapira
MG;31;Mesorregião Central Mineira;Abaeté
MG;31;Mesorregião Central Mineira;Biquinhas
MG;31;Mesorregião Central Mineira;Cedro do Abaeté
MG;31;Mesorregião Central Mineira;Morada Nova de Minas
MG;31;Mesorregião Central Mineira;Paineiras
MG;31;Mesorregião Central Mineira;Pompéu
MG;31;Mesorregião Central Mineira;Três Marias
MG;31;Mesorregião Central Mineira;Augusto de Lima
MG;31;Mesorregião Central Mineira;Buenópolis
MG;31;Mesorregião Central Mineira;Corinto
MG;31;Mesorregião Central Mineira;Curvelo
MG;31;Mesorregião Central Mineira;Felixlândia
MG;31;Mesorregião Central Mineira;Inimutaba
MG;31;Mesorregião Central Mineira;Joaquim Felício
MG;31;Mesorregião Central Mineira;Monjolos
MG;31;Mesorregião Central Mineira;Morro da Garça
MG;31;Mesorregião Central Mineira;Presidente Juscelino
MG;31;Mesorregião Central Mineira;Santo Hipólito
MG;31;Mesorregião Central Mineira;Araújos
MG;31;Mesorregião Central Mineira;Bom Despacho
MG;31;Mesorregião Central Mineira;Dores do Indaiá
MG;31;Mesorregião Central Mineira;Estrela do Indaiá
MG;31;Mesorregião Central Mineira;Japaraíba
MG;31;Mesorregião Central Mineira;Lagoa da Prata
MG;31;Mesorregião Central Mineira;Leandro Ferreira
MG;31;Mesorregião Central Mineira;Luz
MG;31;Mesorregião Central Mineira;Martinho Campos
MG;31;Mesorregião Central Mineira;Moema
MG;31;Mesorregião Central Mineira;Quartel Geral
MG;31;Mesorregião Central Mineira;Serra da Saudade
MG;31;Mesorregião Metropolitana de Belo Horizonte;Araçaí
MG;31;Mesorregião Metropolitana de Belo Horizonte;Baldim
MG;31;Mesorregião Metropolitana de Belo Horizonte;Cachoeira da Prata
MG;31;Mesorregião Metropolitana de Belo Horizonte;Caetanópolis
MG;31;Mesorregião Metropolitana de Belo Horizonte;Capim Branco
MG;31;Mesorregião Metropolitana de Belo Horizonte;Cordisburgo
MG;31;Mesorregião Metropolitana de Belo Horizonte;Fortuna de Minas
MG;31;Mesorregião Metropolitana de Belo Horizonte;Funilândia
MG;31;Mesorregião Metropolitana de Belo Horizonte;Inhaúma
MG;31;Mesorregião Metropolitana de Belo Horizonte;Jaboticatubas
MG;31;Mesorregião Metropolitana de Belo Horizonte;Jequitibá
MG;31;Mesorregião Metropolitana de Belo Horizonte;Maravilhas
MG;31;Mesorregião Metropolitana de Belo Horizonte;Matozinhos
MG;31;Mesorregião Metropolitana de Belo Horizonte;Papagaios
MG;31;Mesorregião Metropolitana de Belo Horizonte;Paraopeba
MG;31;Mesorregião Metropolitana de Belo Horizonte;Pequi
MG;31;Mesorregião Metropolitana de Belo Horizonte;Prudente de Morais
MG;31;Mesorregião Metropolitana de Belo Horizonte;Santana de Pirapama
MG;31;Mesorregião Metropolitana de Belo Horizonte;Santana do Riacho
MG;31;Mesorregião Metropolitana de Belo Horizonte;Sete Lagoas
MG;31;Mesorregião Metropolitana de Belo Horizonte;Alvorada de Minas
MG;31;Mesorregião Metropolitana de Belo Horizonte;Conceição do Mato Dentro
MG;31;Mesorregião Metropolitana de Belo Horizonte;Congonhas do Norte
MG;31;Mesorregião Metropolitana de Belo Horizonte;Dom Joaquim
MG;31;Mesorregião Metropolitana de Belo Horizonte;Itambé do Mato Dentro
MG;31;Mesorregião Metropolitana de Belo Horizonte;Morro do Pilar
MG;31;Mesorregião Metropolitana de Belo Horizonte;Passabém
MG;31;Mesorregião Metropolitana de Belo Horizonte;Rio Vermelho
MG;31;Mesorregião Metropolitana de Belo Horizonte;Santo Antônio do Itambé
MG;31;Mesorregião Metropolitana de Belo Horizonte;Santo Antônio do Rio Abaixo
MG;31;Mesorregião Metropolitana de Belo Horizonte;São Sebastião do Rio Preto
MG;31;Mesorregião Metropolitana de Belo Horizonte;Serra Azul de Minas
MG;31;Mesorregião Metropolitana de Belo Horizonte;Serro
MG;31;Mesorregião Metropolitana de Belo Horizonte;Florestal
MG;31;Mesorregião Metropolitana de Belo Horizonte;Onça de Pitangui
MG;31;Mesorregião Metropolitana de Belo Horizonte;Pará de Minas
MG;31;Mesorregião Metropolitana de Belo Horizonte;Pitangui
MG;31;Mesorregião Metropolitana de Belo Horizonte;São José da Varginha
MG;31;Mesorregião Metropolitana de Belo Horizonte;Belo Horizonte
MG;31;Mesorregião Metropolitana de Belo Horizonte;Betim
MG;31;Mesorregião Metropolitana de Belo Horizonte;Brumadinho
MG;31;Mesorregião Metropolitana de Belo Horizonte;Caeté
MG;31;Mesorregião Metropolitana de Belo Horizonte;Confins
MG;31;Mesorregião Metropolitana de Belo Horizonte;Contagem
MG;31;Mesorregião Metropolitana de Belo Horizonte;Esmeraldas
MG;31;Mesorregião Metropolitana de Belo Horizonte;Ibirité
MG;31;Mesorregião Metropolitana de Belo Horizonte;Igarapé
MG;31;Mesorregião Metropolitana de Belo Horizonte;Juatuba
MG;31;Mesorregião Metropolitana de Belo Horizonte;Lagoa Santa
MG;31;Mesorregião Metropolitana de Belo Horizonte;Mário Campos
MG;31;Mesorregião Metropolitana de Belo Horizonte;Mateus Leme
MG;31;Mesorregião Metropolitana de Belo Horizonte;Nova Lima
MG;31;Mesorregião Metropolitana de Belo Horizonte;Pedro Leopoldo
MG;31;Mesorregião Metropolitana de Belo Horizonte;Raposos
MG;31;Mesorregião Metropolitana de Belo Horizonte;Ribeirão das Neves
MG;31;Mesorregião Metropolitana de Belo Horizonte;Rio Acima
MG;31;Mesorregião Metropolitana de Belo Horizonte;Sabará
MG;31;Mesorregião Metropolitana de Belo Horizonte;Santa Luzia
MG;31;Mesorregião Metropolitana de Belo Horizonte;São Joaquim de Bicas
MG;31;Mesorregião Metropolitana de Belo Horizonte;São José da Lapa
MG;31;Mesorregião Metropolitana de Belo Horizonte;Sarzedo
MG;31;Mesorregião Metropolitana de Belo Horizonte;Vespasiano
MG;31;Mesorregião Metropolitana de Belo Horizonte;Alvinópolis
MG;31;Mesorregião Metropolitana de Belo Horizonte;Barão de Cocais
MG;31;Mesorregião Metropolitana de Belo Horizonte;Bela Vista de Minas
MG;31;Mesorregião Metropolitana de Belo Horizonte;Bom Jesus do Amparo
MG;31;Mesorregião Metropolitana de Belo Horizonte;Catas Altas
MG;31;Mesorregião Metropolitana de Belo Horizonte;Dionísio
MG;31;Mesorregião Metropolitana de Belo Horizonte;Ferros
MG;31;Mesorregião Metropolitana de Belo Horizonte;Itabira
MG;31;Mesorregião Metropolitana de Belo Horizonte;João Monlevade
MG;31;Mesorregião Metropolitana de Belo Horizonte;Nova Era
MG;31;Mesorregião Metropolitana de Belo Horizonte;Nova União
MG;31;Mesorregião Metropolitana de Belo Horizonte;Rio Piracicaba
MG;31;Mesorregião Metropolitana de Belo Horizonte;Santa Bárbara
MG;31;Mesorregião Metropolitana de Belo Horizonte;Santa Maria de Itabira
MG;31;Mesorregião Metropolitana de Belo Horizonte;São Domingos do Prata
MG;31;Mesorregião Metropolitana de Belo Horizonte;São Gonçalo do Rio Abaixo
MG;31;Mesorregião Metropolitana de Belo Horizonte;São José do Goiabal
MG;31;Mesorregião Metropolitana de Belo Horizonte;Taquaraçu de Minas
MG;31;Mesorregião Metropolitana de Belo Horizonte;Belo Vale
MG;31;Mesorregião Metropolitana de Belo Horizonte;Bonfim
MG;31;Mesorregião Metropolitana de Belo Horizonte;Crucilândia
MG;31;Mesorregião Metropolitana de Belo Horizonte;Itaguara
MG;31;Mesorregião Metropolitana de Belo Horizonte;Itatiaiuçu
MG;31;Mesorregião Metropolitana de Belo Horizonte;Jeceaba
MG;31;Mesorregião Metropolitana de Belo Horizonte;Moeda
MG;31;Mesorregião Metropolitana de Belo Horizonte;Piedade dos Gerais
MG;31;Mesorregião Metropolitana de Belo Horizonte;Rio Manso
MG;31;Mesorregião Metropolitana de Belo Horizonte;Diogo de Vasconcelos
MG;31;Mesorregião Metropolitana de Belo Horizonte;Itabirito
MG;31;Mesorregião Metropolitana de Belo Horizonte;Mariana
MG;31;Mesorregião Metropolitana de Belo Horizonte;Ouro Preto
MG;31;Mesorregião Metropolitana de Belo Horizonte;Casa Grande
MG;31;Mesorregião Metropolitana de Belo Horizonte;Catas Altas da Noruega
MG;31;Mesorregião Metropolitana de Belo Horizonte;Congonhas
MG;31;Mesorregião Metropolitana de Belo Horizonte;Conselheiro Lafaiete
MG;31;Mesorregião Metropolitana de Belo Horizonte;Cristiano Otoni
MG;31;Mesorregião Metropolitana de Belo Horizonte;Desterro de Entre Rios
MG;31;Mesorregião Metropolitana de Belo Horizonte;Entre Rios de Minas
MG;31;Mesorregião Metropolitana de Belo Horizonte;Itaverava
MG;31;Mesorregião Metropolitana de Belo Horizonte;Ouro Branco
MG;31;Mesorregião Metropolitana de Belo Horizonte;Queluzito
MG;31;Mesorregião Metropolitana de Belo Horizonte;Santana dos Montes
MG;31;Mesorregião Metropolitana de Belo Horizonte;São Brás do Suaçuí
MG;31;Mesorregião do Vale do Rio Doce;Braúnas
MG;31;Mesorregião do Vale do Rio Doce;Carmésia
MG;31;Mesorregião do Vale do Rio Doce;Coluna
MG;31;Mesorregião do Vale do Rio Doce;Divinolândia de Minas
MG;31;Mesorregião do Vale do Rio Doce;Dores de Guanhães
MG;31;Mesorregião do Vale do Rio Doce;Gonzaga
MG;31;Mesorregião do Vale do Rio Doce;Guanhães
MG;31;Mesorregião do Vale do Rio Doce;Materlândia
MG;31;Mesorregião do Vale do Rio Doce;Paulistas
MG;31;Mesorregião do Vale do Rio Doce;Sabinópolis
MG;31;Mesorregião do Vale do Rio Doce;Santa Efigênia de Minas
MG;31;Mesorregião do Vale do Rio Doce;São João Evangelista
MG;31;Mesorregião do Vale do Rio Doce;Sardoá
MG;31;Mesorregião do Vale do Rio Doce;Senhora do Porto
MG;31;Mesorregião do Vale do Rio Doce;Virginópolis
MG;31;Mesorregião do Vale do Rio Doce;Água Boa
MG;31;Mesorregião do Vale do Rio Doce;Cantagalo
MG;31;Mesorregião do Vale do Rio Doce;Frei Lagonegro
MG;31;Mesorregião do Vale do Rio Doce;José Raydan
MG;31;Mesorregião do Vale do Rio Doce;Peçanha
MG;31;Mesorregião do Vale do Rio Doce;Santa Maria do Suaçuí
MG;31;Mesorregião do Vale do Rio Doce;São José do Jacuri
MG;31;Mesorregião do Vale do Rio Doce;São Pedro do Suaçuí
MG;31;Mesorregião do Vale do Rio Doce;São Sebastião do Maranhão
MG;31;Mesorregião do Vale do Rio Doce;Alpercata
MG;31;Mesorregião do Vale do Rio Doce;Campanário
MG;31;Mesorregião do Vale do Rio Doce;Capitão Andrade
MG;31;Mesorregião do Vale do Rio Doce;Coroaci
MG;31;Mesorregião do Vale do Rio Doce;Divino das Laranjeiras
MG;31;Mesorregião do Vale do Rio Doce;Engenheiro Caldas
MG;31;Mesorregião do Vale do Rio Doce;Fernandes Tourinho
MG;31;Mesorregião do Vale do Rio Doce;Frei Inocêncio
MG;31;Mesorregião do Vale do Rio Doce;Galileia
MG;31;Mesorregião do Vale do Rio Doce;Governador Valadares
MG;31;Mesorregião do Vale do Rio Doce;Itambacuri
MG;31;Mesorregião do Vale do Rio Doce;Itanhomi
MG;31;Mesorregião do Vale do Rio Doce;Jampruca
MG;31;Mesorregião do Vale do Rio Doce;Marilac
MG;31;Mesorregião do Vale do Rio Doce;Mathias Lobato
MG;31;Mesorregião do Vale do Rio Doce;Nacip Raydan
MG;31;Mesorregião do Vale do Rio Doce;Nova Módica
MG;31;Mesorregião do Vale do Rio Doce;Pescador
MG;31;Mesorregião do Vale do Rio Doce;São Geraldo da Piedade
MG;31;Mesorregião do Vale do Rio Doce;São Geraldo do Baixio
MG;31;Mesorregião do Vale do Rio Doce;São José da Safira
MG;31;Mesorregião do Vale do Rio Doce;São José do Divino
MG;31;Mesorregião do Vale do Rio Doce;Sobrália
MG;31;Mesorregião do Vale do Rio Doce;Tumiritinga
MG;31;Mesorregião do Vale do Rio Doce;Virgolândia
MG;31;Mesorregião do Vale do Rio Doce;Central de Minas
MG;31;Mesorregião do Vale do Rio Doce;Itabirinha
MG;31;Mesorregião do Vale do Rio Doce;Mantena
MG;31;Mesorregião do Vale do Rio Doce;Mendes Pimentel
MG;31;Mesorregião do Vale do Rio Doce;Nova Belém
MG;31;Mesorregião do Vale do Rio Doce;São Félix de Minas
MG;31;Mesorregião do Vale do Rio Doce;São João do Manteninha
MG;31;Mesorregião do Vale do Rio Doce;Açucena
MG;31;Mesorregião do Vale do Rio Doce;Antônio Dias
MG;31;Mesorregião do Vale do Rio Doce;Belo Oriente
MG;31;Mesorregião do Vale do Rio Doce;Coronel Fabriciano
MG;31;Mesorregião do Vale do Rio Doce;Ipatinga
MG;31;Mesorregião do Vale do Rio Doce;Jaguaraçu
MG;31;Mesorregião do Vale do Rio Doce;Joanésia
MG;31;Mesorregião do Vale do Rio Doce;Marliéria
MG;31;Mesorregião do Vale do Rio Doce;Mesquita
MG;31;Mesorregião do Vale do Rio Doce;Naque
MG;31;Mesorregião do Vale do Rio Doce;Periquito
MG;31;Mesorregião do Vale do Rio Doce;Santana do Paraíso
MG;31;Mesorregião do Vale do Rio Doce;Timóteo
MG;31;Mesorregião do Vale do Rio Doce;Bom Jesus do Galho
MG;31;Mesorregião do Vale do Rio Doce;Bugre
MG;31;Mesorregião do Vale do Rio Doce;Caratinga
MG;31;Mesorregião do Vale do Rio Doce;Córrego Novo
MG;31;Mesorregião do Vale do Rio Doce;Dom Cavati
MG;31;Mesorregião do Vale do Rio Doce;Entre Folhas
MG;31;Mesorregião do Vale do Rio Doce;Iapu
MG;31;Mesorregião do Vale do Rio Doce;Imbé de Minas
MG;31;Mesorregião do Vale do Rio Doce;Inhapim
MG;31;Mesorregião do Vale do Rio Doce;Ipaba
MG;31;Mesorregião do Vale do Rio Doce;Piedade de Caratinga
MG;31;Mesorregião do Vale do Rio Doce;Pingo-d'Água
MG;31;Mesorregião do Vale do Rio Doce;Santa Bárbara do Leste
MG;31;Mesorregião do Vale do Rio Doce;Santa Rita de Minas
MG;31;Mesorregião do Vale do Rio Doce;São Domingos das Dores
MG;31;Mesorregião do Vale do Rio Doce;São João do Oriente
MG;31;Mesorregião do Vale do Rio Doce;São Sebastião do Anta
MG;31;Mesorregião do Vale do Rio Doce;Tarumirim
MG;31;Mesorregião do Vale do Rio Doce;Ubaporanga
MG;31;Mesorregião do Vale do Rio Doce;Vargem Alegre
MG;31;Mesorregião do Vale do Rio Doce;Aimorés
MG;31;Mesorregião do Vale do Rio Doce;Alvarenga
MG;31;Mesorregião do Vale do Rio Doce;Conceição de Ipanema
MG;31;Mesorregião do Vale do Rio Doce;Conselheiro Pena
MG;31;Mesorregião do Vale do Rio Doce;Cuparaque
MG;31;Mesorregião do Vale do Rio Doce;Goiabeira
MG;31;Mesorregião do Vale do Rio Doce;Ipanema
MG;31;Mesorregião do Vale do Rio Doce;Itueta
MG;31;Mesorregião do Vale do Rio Doce;Mutum
MG;31;Mesorregião do Vale do Rio Doce;Pocrane
MG;31;Mesorregião do Vale do Rio Doce;Resplendor
MG;31;Mesorregião do Vale do Rio Doce;Santa Rita do Itueto
MG;31;Mesorregião do Vale do Rio Doce;Taparuba
MG;31;Mesorregião do Oeste de Minas;Bambuí
MG;31;Mesorregião do Oeste de Minas;Córrego Danta
MG;31;Mesorregião do Oeste de Minas;Doresópolis
MG;31;Mesorregião do Oeste de Minas;Iguatama
MG;31;Mesorregião do Oeste de Minas;Medeiros
MG;31;Mesorregião do Oeste de Minas;Piumhi
MG;31;Mesorregião do Oeste de Minas;São Roque de Minas
MG;31;Mesorregião do Oeste de Minas;Tapiraí
MG;31;Mesorregião do Oeste de Minas;Vargem Bonita
MG;31;Mesorregião do Oeste de Minas;Carmo do Cajuru
MG;31;Mesorregião do Oeste de Minas;Cláudio
MG;31;Mesorregião do Oeste de Minas;Conceição do Pará
MG;31;Mesorregião do Oeste de Minas;Divinópolis
MG;31;Mesorregião do Oeste de Minas;Igaratinga
MG;31;Mesorregião do Oeste de Minas;Itaúna
MG;31;Mesorregião do Oeste de Minas;Nova Serrana
MG;31;Mesorregião do Oeste de Minas;Perdigão
MG;31;Mesorregião do Oeste de Minas;Santo Antônio do Monte
MG;31;Mesorregião do Oeste de Minas;São Gonçalo do Pará
MG;31;Mesorregião do Oeste de Minas;São Sebastião do Oeste
MG;31;Mesorregião do Oeste de Minas;Arcos
MG;31;Mesorregião do Oeste de Minas;Camacho
MG;31;Mesorregião do Oeste de Minas;Córrego Fundo
MG;31;Mesorregião do Oeste de Minas;Formiga
MG;31;Mesorregião do Oeste de Minas;Itapecerica
MG;31;Mesorregião do Oeste de Minas;Pains
MG;31;Mesorregião do Oeste de Minas;Pedra do Indaiá
MG;31;Mesorregião do Oeste de Minas;Pimenta
MG;31;Mesorregião do Oeste de Minas;Aguanil
MG;31;Mesorregião do Oeste de Minas;Campo Belo
MG;31;Mesorregião do Oeste de Minas;Cana Verde
MG;31;Mesorregião do Oeste de Minas;Candeias
MG;31;Mesorregião do Oeste de Minas;Cristais
MG;31;Mesorregião do Oeste de Minas;Perdões
MG;31;Mesorregião do Oeste de Minas;Santana do Jacaré
MG;31;Mesorregião do Oeste de Minas;Bom Sucesso
MG;31;Mesorregião do Oeste de Minas;Carmo da Mata
MG;31;Mesorregião do Oeste de Minas;Carmópolis de Minas
MG;31;Mesorregião do Oeste de Minas;Ibituruna
MG;31;Mesorregião do Oeste de Minas;Oliveira
MG;31;Mesorregião do Oeste de Minas;Passa Tempo
MG;31;Mesorregião do Oeste de Minas;Piracema
MG;31;Mesorregião do Oeste de Minas;Santo Antônio do Amparo
MG;31;Mesorregião do Oeste de Minas;São Francisco de Paula
MG;31;Mesorregião do Sul e Sudoeste de Minas;Alpinópolis
MG;31;Mesorregião do Sul e Sudoeste de Minas;Bom Jesus da Penha
MG;31;Mesorregião do Sul e Sudoeste de Minas;Capetinga
MG;31;Mesorregião do Sul e Sudoeste de Minas;Capitólio
MG;31;Mesorregião do Sul e Sudoeste de Minas;Cássia
MG;31;Mesorregião do Sul e Sudoeste de Minas;Claraval
MG;31;Mesorregião do Sul e Sudoeste de Minas;Delfinópolis
MG;31;Mesorregião do Sul e Sudoeste de Minas;Fortaleza de Minas
MG;31;Mesorregião do Sul e Sudoeste de Minas;Ibiraci
MG;31;Mesorregião do Sul e Sudoeste de Minas;Itaú de Minas
MG;31;Mesorregião do Sul e Sudoeste de Minas;Passos
MG;31;Mesorregião do Sul e Sudoeste de Minas;Pratápolis
MG;31;Mesorregião do Sul e Sudoeste de Minas;São João Batista do Glória
MG;31;Mesorregião do Sul e Sudoeste de Minas;São José da Barra
MG;31;Mesorregião do Sul e Sudoeste de Minas;Arceburgo
MG;31;Mesorregião do Sul e Sudoeste de Minas;Cabo Verde
MG;31;Mesorregião do Sul e Sudoeste de Minas;Guaranésia
MG;31;Mesorregião do Sul e Sudoeste de Minas;Guaxupé
MG;31;Mesorregião do Sul e Sudoeste de Minas;Itamogi
MG;31;Mesorregião do Sul e Sudoeste de Minas;Jacuí
MG;31;Mesorregião do Sul e Sudoeste de Minas;Juruaia
MG;31;Mesorregião do Sul e Sudoeste de Minas;Monte Belo
MG;31;Mesorregião do Sul e Sudoeste de Minas;Monte Santo de Minas
MG;31;Mesorregião do Sul e Sudoeste de Minas;Muzambinho
MG;31;Mesorregião do Sul e Sudoeste de Minas;Nova Resende
MG;31;Mesorregião do Sul e Sudoeste de Minas;São Pedro da União
MG;31;Mesorregião do Sul e Sudoeste de Minas;São Sebastião do Paraíso
MG;31;Mesorregião do Sul e Sudoeste de Minas;São Tomás de Aquino
MG;31;Mesorregião do Sul e Sudoeste de Minas;Alfenas
MG;31;Mesorregião do Sul e Sudoeste de Minas;Alterosa
MG;31;Mesorregião do Sul e Sudoeste de Minas;Areado
MG;31;Mesorregião do Sul e Sudoeste de Minas;Carmo do Rio Claro
MG;31;Mesorregião do Sul e Sudoeste de Minas;Carvalhópolis
MG;31;Mesorregião do Sul e Sudoeste de Minas;Conceição da Aparecida
MG;31;Mesorregião do Sul e Sudoeste de Minas;Divisa Nova
MG;31;Mesorregião do Sul e Sudoeste de Minas;Fama
MG;31;Mesorregião do Sul e Sudoeste de Minas;Machado
MG;31;Mesorregião do Sul e Sudoeste de Minas;Paraguaçu
MG;31;Mesorregião do Sul e Sudoeste de Minas;Poço Fundo
MG;31;Mesorregião do Sul e Sudoeste de Minas;Serrania
MG;31;Mesorregião do Sul e Sudoeste de Minas;Boa Esperança
MG;31;Mesorregião do Sul e Sudoeste de Minas;Campanha
MG;31;Mesorregião do Sul e Sudoeste de Minas;Campo do Meio
MG;31;Mesorregião do Sul e Sudoeste de Minas;Campos Gerais
MG;31;Mesorregião do Sul e Sudoeste de Minas;Carmo da Cachoeira
MG;31;Mesorregião do Sul e Sudoeste de Minas;Coqueiral
MG;31;Mesorregião do Sul e Sudoeste de Minas;Elói Mendes
MG;31;Mesorregião do Sul e Sudoeste de Minas;Guapé
MG;31;Mesorregião do Sul e Sudoeste de Minas;Ilicínea
MG;31;Mesorregião do Sul e Sudoeste de Minas;Monsenhor Paulo
MG;31;Mesorregião do Sul e Sudoeste de Minas;Santana da Vargem
MG;31;Mesorregião do Sul e Sudoeste de Minas;São Bento Abade
MG;31;Mesorregião do Sul e Sudoeste de Minas;São Tomé das Letras
MG;31;Mesorregião do Sul e Sudoeste de Minas;Três Corações
MG;31;Mesorregião do Sul e Sudoeste de Minas;Três Pontas
MG;31;Mesorregião do Sul e Sudoeste de Minas;Varginha
MG;31;Mesorregião do Sul e Sudoeste de Minas;Albertina
MG;31;Mesorregião do Sul e Sudoeste de Minas;Andradas
MG;31;Mesorregião do Sul e Sudoeste de Minas;Bandeira do Sul
MG;31;Mesorregião do Sul e Sudoeste de Minas;Botelhos
MG;31;Mesorregião do Sul e Sudoeste de Minas;Caldas
MG;31;Mesorregião do Sul e Sudoeste de Minas;Campestre
MG;31;Mesorregião do Sul e Sudoeste de Minas;Ibitiúra de Minas
MG;31;Mesorregião do Sul e Sudoeste de Minas;Inconfidentes
MG;31;Mesorregião do Sul e Sudoeste de Minas;Jacutinga
MG;31;Mesorregião do Sul e Sudoeste de Minas;Monte Sião
MG;31;Mesorregião do Sul e Sudoeste de Minas;Ouro Fino
MG;31;Mesorregião do Sul e Sudoeste de Minas;Poços de Caldas
MG;31;Mesorregião do Sul e Sudoeste de Minas;Santa Rita de Caldas
MG;31;Mesorregião do Sul e Sudoeste de Minas;Bom Repouso
MG;31;Mesorregião do Sul e Sudoeste de Minas;Borda da Mata
MG;31;Mesorregião do Sul e Sudoeste de Minas;Bueno Brandão
MG;31;Mesorregião do Sul e Sudoeste de Minas;Camanducaia
MG;31;Mesorregião do Sul e Sudoeste de Minas;Cambuí
MG;31;Mesorregião do Sul e Sudoeste de Minas;Congonhal
MG;31;Mesorregião do Sul e Sudoeste de Minas;Córrego do Bom Jesus
MG;31;Mesorregião do Sul e Sudoeste de Minas;Espírito Santo do Dourado
MG;31;Mesorregião do Sul e Sudoeste de Minas;Estiva
MG;31;Mesorregião do Sul e Sudoeste de Minas;Extrema
MG;31;Mesorregião do Sul e Sudoeste de Minas;Gonçalves
MG;31;Mesorregião do Sul e Sudoeste de Minas;Ipuiuna
MG;31;Mesorregião do Sul e Sudoeste de Minas;Itapeva
MG;31;Mesorregião do Sul e Sudoeste de Minas;Munhoz
MG;31;Mesorregião do Sul e Sudoeste de Minas;Pouso Alegre
MG;31;Mesorregião do Sul e Sudoeste de Minas;Sapucaí-Mirim
MG;31;Mesorregião do Sul e Sudoeste de Minas;Senador Amaral
MG;31;Mesorregião do Sul e Sudoeste de Minas;Senador José Bento
MG;31;Mesorregião do Sul e Sudoeste de Minas;Tocos do Moji
MG;31;Mesorregião do Sul e Sudoeste de Minas;Toledo
MG;31;Mesorregião do Sul e Sudoeste de Minas;Cachoeira de Minas
MG;31;Mesorregião do Sul e Sudoeste de Minas;Careaçu
MG;31;Mesorregião do Sul e Sudoeste de Minas;Conceição das Pedras
MG;31;Mesorregião do Sul e Sudoeste de Minas;Conceição dos Ouros
MG;31;Mesorregião do Sul e Sudoeste de Minas;Cordislândia
MG;31;Mesorregião do Sul e Sudoeste de Minas;Heliodora
MG;31;Mesorregião do Sul e Sudoeste de Minas;Natércia
MG;31;Mesorregião do Sul e Sudoeste de Minas;Pedralva
MG;31;Mesorregião do Sul e Sudoeste de Minas;Santa Rita do Sapucaí
MG;31;Mesorregião do Sul e Sudoeste de Minas;São Gonçalo do Sapucaí
MG;31;Mesorregião do Sul e Sudoeste de Minas;São João da Mata
MG;31;Mesorregião do Sul e Sudoeste de Minas;São José do Alegre
MG;31;Mesorregião do Sul e Sudoeste de Minas;São Sebastião da Bela Vista
MG;31;Mesorregião do Sul e Sudoeste de Minas;Silvianópolis
MG;31;Mesorregião do Sul e Sudoeste de Minas;Turvolândia
MG;31;Mesorregião do Sul e Sudoeste de Minas;Alagoa
MG;31;Mesorregião do Sul e Sudoeste de Minas;Baependi
MG;31;Mesorregião do Sul e Sudoeste de Minas;Cambuquira
MG;31;Mesorregião do Sul e Sudoeste de Minas;Carmo de Minas
MG;31;Mesorregião do Sul e Sudoeste de Minas;Caxambu
MG;31;Mesorregião do Sul e Sudoeste de Minas;Conceição do Rio Verde
MG;31;Mesorregião do Sul e Sudoeste de Minas;Itamonte
MG;31;Mesorregião do Sul e Sudoeste de Minas;Itanhandu
MG;31;Mesorregião do Sul e Sudoeste de Minas;Jesuânia
MG;31;Mesorregião do Sul e Sudoeste de Minas;Lambari
MG;31;Mesorregião do Sul e Sudoeste de Minas;Olímpio Noronha
MG;31;Mesorregião do Sul e Sudoeste de Minas;Passa Quatro
MG;31;Mesorregião do Sul e Sudoeste de Minas;Pouso Alto
MG;31;Mesorregião do Sul e Sudoeste de Minas;São Lourenço
MG;31;Mesorregião do Sul e Sudoeste de Minas;São Sebastião do Rio Verde
MG;31;Mesorregião do Sul e Sudoeste de Minas;Soledade de Minas
MG;31;Mesorregião do Sul e Sudoeste de Minas;Aiuruoca
MG;31;Mesorregião do Sul e Sudoeste de Minas;Andrelândia
MG;31;Mesorregião do Sul e Sudoeste de Minas;Arantina
MG;31;Mesorregião do Sul e Sudoeste de Minas;Bocaina de Minas
MG;31;Mesorregião do Sul e Sudoeste de Minas;Bom Jardim de Minas
MG;31;Mesorregião do Sul e Sudoeste de Minas;Carvalhos
MG;31;Mesorregião do Sul e Sudoeste de Minas;Cruzília
MG;31;Mesorregião do Sul e Sudoeste de Minas;Liberdade
MG;31;Mesorregião do Sul e Sudoeste de Minas;Minduri
MG;31;Mesorregião do Sul e Sudoeste de Minas;Passa-Vinte
MG;31;Mesorregião do Sul e Sudoeste de Minas;São Vicente de Minas
MG;31;Mesorregião do Sul e Sudoeste de Minas;Seritinga
MG;31;Mesorregião do Sul e Sudoeste de Minas;Serranos
MG;31;Mesorregião do Sul e Sudoeste de Minas;Brazópolis
MG;31;Mesorregião do Sul e Sudoeste de Minas;Consolação
MG;31;Mesorregião do Sul e Sudoeste de Minas;Cristina
MG;31;Mesorregião do Sul e Sudoeste de Minas;Delfim Moreira
MG;31;Mesorregião do Sul e Sudoeste de Minas;Dom Viçoso
MG;31;Mesorregião do Sul e Sudoeste de Minas;Itajubá
MG;31;Mesorregião do Sul e Sudoeste de Minas;Maria da Fé
MG;31;Mesorregião do Sul e Sudoeste de Minas;Marmelópolis
MG;31;Mesorregião do Sul e Sudoeste de Minas;Paraisópolis
MG;31;Mesorregião do Sul e Sudoeste de Minas;Piranguçu
MG;31;Mesorregião do Sul e Sudoeste de Minas;Piranguinho
MG;31;Mesorregião do Sul e Sudoeste de Minas;Virgínia
MG;31;Mesorregião do Sul e Sudoeste de Minas;Wenceslau Braz
MG;31;Mesorregião do Campo das Vertentes;Carrancas
MG;31;Mesorregião do Campo das Vertentes;Ijaci
MG;31;Mesorregião do Campo das Vertentes;Ingaí
MG;31;Mesorregião do Campo das Vertentes;Itumirim
MG;31;Mesorregião do Campo das Vertentes;Itutinga
MG;31;Mesorregião do Campo das Vertentes;Lavras
MG;31;Mesorregião do Campo das Vertentes;Luminárias
MG;31;Mesorregião do Campo das Vertentes;Nepomuceno
MG;31;Mesorregião do Campo das Vertentes;Ribeirão Vermelho
MG;31;Mesorregião do Campo das Vertentes;Conceição da Barra de Minas
MG;31;Mesorregião do Campo das Vertentes;Coronel Xavier Chaves
MG;31;Mesorregião do Campo das Vertentes;Dores de Campos
MG;31;Mesorregião do Campo das Vertentes;Lagoa Dourada
MG;31;Mesorregião do Campo das Vertentes;Madre de Deus de Minas
MG;31;Mesorregião do Campo das Vertentes;Nazareno
MG;31;Mesorregião do Campo das Vertentes;Piedade do Rio Grande
MG;31;Mesorregião do Campo das Vertentes;Prados
MG;31;Mesorregião do Campo das Vertentes;Resende Costa
MG;31;Mesorregião do Campo das Vertentes;Ritápolis
MG;31;Mesorregião do Campo das Vertentes;Santa Cruz de Minas
MG;31;Mesorregião do Campo das Vertentes;Santana do Garambéu
MG;31;Mesorregião do Campo das Vertentes;São João del-Rei
MG;31;Mesorregião do Campo das Vertentes;São Tiago
MG;31;Mesorregião do Campo das Vertentes;Tiradentes
MG;31;Mesorregião do Campo das Vertentes;Alfredo Vasconcelos
MG;31;Mesorregião do Campo das Vertentes;Antônio Carlos
MG;31;Mesorregião do Campo das Vertentes;Barbacena
MG;31;Mesorregião do Campo das Vertentes;Barroso
MG;31;Mesorregião do Campo das Vertentes;Capela Nova
MG;31;Mesorregião do Campo das Vertentes;Caranaíba
MG;31;Mesorregião do Campo das Vertentes;Carandaí
MG;31;Mesorregião do Campo das Vertentes;Desterro do Melo
MG;31;Mesorregião do Campo das Vertentes;Ibertioga
MG;31;Mesorregião do Campo das Vertentes;Ressaquinha
MG;31;Mesorregião do Campo das Vertentes;Santa Bárbara do Tugúrio
MG;31;Mesorregião do Campo das Vertentes;Senhora dos Remédios
MG;31;Mesorregião da Zona da Mata;Acaiaca
MG;31;Mesorregião da Zona da Mata;Barra Longa
MG;31;Mesorregião da Zona da Mata;Dom Silvério
MG;31;Mesorregião da Zona da Mata;Guaraciaba
MG;31;Mesorregião da Zona da Mata;Jequeri
MG;31;Mesorregião da Zona da Mata;Oratórios
MG;31;Mesorregião da Zona da Mata;Piedade de Ponte Nova
MG;31;Mesorregião da Zona da Mata;Ponte Nova
MG;31;Mesorregião da Zona da Mata;Raul Soares
MG;31;Mesorregião da Zona da Mata;Rio Casca
MG;31;Mesorregião da Zona da Mata;Rio Doce
MG;31;Mesorregião da Zona da Mata;Santa Cruz do Escalvado
MG;31;Mesorregião da Zona da Mata;Santo Antônio do Grama
MG;31;Mesorregião da Zona da Mata;São Pedro dos Ferros
MG;31;Mesorregião da Zona da Mata;Sem-Peixe
MG;31;Mesorregião da Zona da Mata;Sericita
MG;31;Mesorregião da Zona da Mata;Urucânia
MG;31;Mesorregião da Zona da Mata;Vermelho Novo
MG;31;Mesorregião da Zona da Mata;Abre Campo
MG;31;Mesorregião da Zona da Mata;Alto Caparaó
MG;31;Mesorregião da Zona da Mata;Alto Jequitibá
MG;31;Mesorregião da Zona da Mata;Caparaó
MG;31;Mesorregião da Zona da Mata;Caputira
MG;31;Mesorregião da Zona da Mata;Chalé
MG;31;Mesorregião da Zona da Mata;Durandé
MG;31;Mesorregião da Zona da Mata;Lajinha
MG;31;Mesorregião da Zona da Mata;Luisburgo
MG;31;Mesorregião da Zona da Mata;Manhuaçu
MG;31;Mesorregião da Zona da Mata;Manhumirim
MG;31;Mesorregião da Zona da Mata;Martins Soares
MG;31;Mesorregião da Zona da Mata;Matipó
MG;31;Mesorregião da Zona da Mata;Pedra Bonita
MG;31;Mesorregião da Zona da Mata;Reduto
MG;31;Mesorregião da Zona da Mata;Santa Margarida
MG;31;Mesorregião da Zona da Mata;Santana do Manhuaçu
MG;31;Mesorregião da Zona da Mata;São João do Manhuaçu
MG;31;Mesorregião da Zona da Mata;São José do Mantimento
MG;31;Mesorregião da Zona da Mata;Simonésia
MG;31;Mesorregião da Zona da Mata;Alto Rio Doce
MG;31;Mesorregião da Zona da Mata;Amparo da Serra
MG;31;Mesorregião da Zona da Mata;Araponga
MG;31;Mesorregião da Zona da Mata;Brás Pires
MG;31;Mesorregião da Zona da Mata;Cajuri
MG;31;Mesorregião da Zona da Mata;Canaã
MG;31;Mesorregião da Zona da Mata;Cipotânea
MG;31;Mesorregião da Zona da Mata;Coimbra
MG;31;Mesorregião da Zona da Mata;Ervália
MG;31;Mesorregião da Zona da Mata;Lamim
MG;31;Mesorregião da Zona da Mata;Paula Cândido
MG;31;Mesorregião da Zona da Mata;Pedra do Anta
MG;31;Mesorregião da Zona da Mata;Piranga
MG;31;Mesorregião da Zona da Mata;Porto Firme
MG;31;Mesorregião da Zona da Mata;Presidente Bernardes
MG;31;Mesorregião da Zona da Mata;Rio Espera
MG;31;Mesorregião da Zona da Mata;São Miguel do Anta
MG;31;Mesorregião da Zona da Mata;Senhora de Oliveira
MG;31;Mesorregião da Zona da Mata;Teixeiras
MG;31;Mesorregião da Zona da Mata;Viçosa
MG;31;Mesorregião da Zona da Mata;Antônio Prado de Minas
MG;31;Mesorregião da Zona da Mata;Barão de Monte Alto
MG;31;Mesorregião da Zona da Mata;Caiana
MG;31;Mesorregião da Zona da Mata;Carangola
MG;31;Mesorregião da Zona da Mata;Divino
MG;31;Mesorregião da Zona da Mata;Espera Feliz
MG;31;Mesorregião da Zona da Mata;Eugenópolis
MG;31;Mesorregião da Zona da Mata;Faria Lemos
MG;31;Mesorregião da Zona da Mata;Fervedouro
MG;31;Mesorregião da Zona da Mata;Miradouro
MG;31;Mesorregião da Zona da Mata;Miraí
MG;31;Mesorregião da Zona da Mata;Muriaé
MG;31;Mesorregião da Zona da Mata;Orizânia
MG;31;Mesorregião da Zona da Mata;Patrocínio do Muriaé
MG;31;Mesorregião da Zona da Mata;Pedra Dourada
MG;31;Mesorregião da Zona da Mata;Rosário da Limeira
MG;31;Mesorregião da Zona da Mata;São Francisco do Glória
MG;31;Mesorregião da Zona da Mata;São Sebastião da Vargem Alegre
MG;31;Mesorregião da Zona da Mata;Tombos
MG;31;Mesorregião da Zona da Mata;Vieiras
MG;31;Mesorregião da Zona da Mata;Astolfo Dutra
MG;31;Mesorregião da Zona da Mata;Divinésia
MG;31;Mesorregião da Zona da Mata;Dores do Turvo
MG;31;Mesorregião da Zona da Mata;Guarani
MG;31;Mesorregião da Zona da Mata;Guidoval
MG;31;Mesorregião da Zona da Mata;Guiricema
MG;31;Mesorregião da Zona da Mata;Mercês
MG;31;Mesorregião da Zona da Mata;Piraúba
MG;31;Mesorregião da Zona da Mata;Rio Pomba
MG;31;Mesorregião da Zona da Mata;Rodeiro
MG;31;Mesorregião da Zona da Mata;São Geraldo
MG;31;Mesorregião da Zona da Mata;Senador Firmino
MG;31;Mesorregião da Zona da Mata;Silveirânia
MG;31;Mesorregião da Zona da Mata;Tabuleiro
MG;31;Mesorregião da Zona da Mata;Tocantins
MG;31;Mesorregião da Zona da Mata;Ubá
MG;31;Mesorregião da Zona da Mata;Visconde do Rio Branco
MG;31;Mesorregião da Zona da Mata;Aracitaba
MG;31;Mesorregião da Zona da Mata;Belmiro Braga
MG;31;Mesorregião da Zona da Mata;Bias Fortes
MG;31;Mesorregião da Zona da Mata;Bicas
MG;31;Mesorregião da Zona da Mata;Chácara
MG;31;Mesorregião da Zona da Mata;Chiador
MG;31;Mesorregião da Zona da Mata;Coronel Pacheco
MG;31;Mesorregião da Zona da Mata;Descoberto
MG;31;Mesorregião da Zona da Mata;Ewbank da Câmara
MG;31;Mesorregião da Zona da Mata;Goianá
MG;31;Mesorregião da Zona da Mata;Guarará
MG;31;Mesorregião da Zona da Mata;Juiz de Fora
MG;31;Mesorregião da Zona da Mata;Lima Duarte
MG;31;Mesorregião da Zona da Mata;Mar de Espanha
MG;31;Mesorregião da Zona da Mata;Maripá de Minas
MG;31;Mesorregião da Zona da Mata;Matias Barbosa
MG;31;Mesorregião da Zona da Mata;Olaria
MG;31;Mesorregião da Zona da Mata;Oliveira Fortes
MG;31;Mesorregião da Zona da Mata;Paiva
MG;31;Mesorregião da Zona da Mata;Pedro Teixeira
MG;31;Mesorregião da Zona da Mata;Pequeri
MG;31;Mesorregião da Zona da Mata;Piau
MG;31;Mesorregião da Zona da Mata;Rio Novo
MG;31;Mesorregião da Zona da Mata;Rio Preto
MG;31;Mesorregião da Zona da Mata;Rochedo de Minas
MG;31;Mesorregião da Zona da Mata;Santa Bárbara do Monte Verde
MG;31;Mesorregião da Zona da Mata;Santa Rita de Ibitipoca
MG;31;Mesorregião da Zona da Mata;Santa Rita de Jacutinga
MG;31;Mesorregião da Zona da Mata;Santana do Deserto
MG;31;Mesorregião da Zona da Mata;Santos Dumont
MG;31;Mesorregião da Zona da Mata;São João Nepomuceno
MG;31;Mesorregião da Zona da Mata;Senador Cortes
MG;31;Mesorregião da Zona da Mata;Simão Pereira
MG;31;Mesorregião da Zona da Mata;Além Paraíba
MG;31;Mesorregião da Zona da Mata;Argirita
MG;31;Mesorregião da Zona da Mata;Cataguases
MG;31;Mesorregião da Zona da Mata;Dona Eusébia
MG;31;Mesorregião da Zona da Mata;Estrela Dalva
MG;31;Mesorregião da Zona da Mata;Itamarati de Minas
MG;31;Mesorregião da Zona da Mata;Laranjal
MG;31;Mesorregião da Zona da Mata;Leopoldina
MG;31;Mesorregião da Zona da Mata;Palma
MG;31;Mesorregião da Zona da Mata;Pirapetinga
MG;31;Mesorregião da Zona da Mata;Recreio
MG;31;Mesorregião da Zona da Mata;Santana de Cataguases
MG;31;Mesorregião da Zona da Mata;Santo Antônio do Aventureiro
MG;31;Mesorregião da Zona da Mata;Volta Grande